creationDate|id|locationIP|browserUsed|content|length|CreatorPersonId|LocationCountryId|ParentPostId|ParentCommentId
2012-12-25T21:43:55.491+00:00|1168231107434|27.112.88.106|Internet Explorer|About Montserrat,  historic capital city of Plymouth was destroyed and two-th|77|24189255811109|1|1168231107432|
2012-12-25T21:44:06.354+00:00|1168231107443|27.121.123.176|Chrome|great|5|32985348833291|1||1168231107434
2012-12-25T21:44:34.825+00:00|1168231107446|1.88.156.174|Internet Explorer|great|5|28587302322191|1||1168231107434
2012-12-25T21:51:00.553+00:00|1168231107439|41.223.177.12|Safari|ok|2|28587302322209|60||1168231107434
2012-12-25T22:31:02.946+00:00|1168231107436|1.29.220.142|Chrome|no|2|21990232555527|1||1168231107434
2012-12-25T22:55:31.822+00:00|1168231107438|27.112.88.106|Internet Explorer|About Montserrat, iere Hills volcano that began on July 1About South African|77|24189255811109|1||1168231107434
2012-12-25T23:00:41.950+00:00|1168231107445|31.170.121.115|Internet Explorer|About Beyoncé Knowles, solo artist. This made her the third artist in history|78|28587302322180|48||1168231107438
2012-12-25T23:23:16.699+00:00|1168231107441|31.182.127.125|Internet Explorer|cool|4|17592186044443|92||1168231107434
