creationDate|id|locationIP|browserUsed|content|length|CreatorPersonId|LocationCountryId|ParentPostId|ParentCommentId
2012-12-05T11:24:07.814+00:00|1168231107516|49.206.89.61|Safari|About Hannibal, ttle of Magnesia and was forced to accept About Stop and Smell the|82|32985348833329|0|1168231107507|
2012-12-05T12:10:22.445+00:00|1168231107515|31.24.100.159|Firefox|no way!|7|26388279066655|50|1168231107507|
2012-12-05T12:56:36.630+00:00|1168231107513|1.29.220.142|Chrome|roflol|6|21990232555527|1|1168231107507|
2012-12-05T14:49:14.027+00:00|1168231106322|27.98.220.136|Firefox|no|2|35184372088856|1||1099511629585
2012-12-05T16:14:24.571+00:00|1168231106327|27.98.220.136|Firefox|no|2|35184372088856|1||1099511629578
