creationDate|id|locationIP|browserUsed|content|length
2012-11-30T01:01:14.445+00:00|1168231105379|91.223.132.248|Internet Explorer|no|2
2012-11-30T06:49:10.062+00:00|1168231105382|41.74.150.41|Firefox|About Alfred, Lord Tennyson, nnyson's sister, but died from a brainAbout J|74
2012-11-30T07:21:11.338+00:00|1168231105356|193.104.227.215|Internet Explorer|great|5
2012-11-30T10:14:37.309+00:00|1168231105385|186.64.7.5|Firefox|yes|3
2012-11-30T15:47:20.441+00:00|1168231105365|193.104.227.215|Internet Explorer|thanks|6
2012-11-30T17:39:06.899+00:00|1168231105384|148.204.226.31|Chrome|great|5
2012-11-30T18:09:59.102+00:00|1168231105376|31.192.109.124|Internet Explorer|yes|3
